9.21267532193527,-4.75303343593255,0
11.0582135862399,-10.1733810628993,0
-9.01782277520374,-7.98770275869313,0
12.00720293314,0.125237506947282,0
5.07497679700548,1.9936549724681,0
-6.15437677316611,-3.21329358891982,0
-8.9153633231974,-5.78868353433763,0
-3.98225338032054,-8.62050994944893,0
11.7055994514975,1.09382667175934,0
4.08305760790786,-9.67485309837798,0
10.0171403854414,-2.61302326318908,0
6.0276039131998,-8.34185833391312,0
9.20252572932577,-3.56057389557855,0
-9.60841143382969,-6.67664085600078,0
3.91115815523659,-4.81231222405391,0
-3.82007700814634,-4.65001072179249,0
-4.36466265503572,-6.65343683729658,0
-9.62064832085978,-4.0762988915263,0
8.20287994134558,-6.81888619586563,0
10.8446783100676,-1.41506738358898,0
3.75849388977481,-9.14626794749579,0
-10.716180417221,-6.67415524163791,0
-5.0147237566668,-10.721163700765,0
10.3993060321725,6.70885996228497,0
-8.62170670135973,-5.81408084978311,0
0.608366489039113,-9.142708647923,0
-1.81724803959752,-9.94902775971515,0
5.02631242975573,7.83526549280683,0
12.022611031958,5.75868998580858,0
6.42346100706252,-5.30543633970149,0
-1.46874255593076,-10.5270047147712,0
0.569140831362434,-13.0758898394981,0
9.2075909026844,-11.0875784358248,0
0.373155333396785,-11.4315739689003,0
-3.84363296682134,-6.79754457877346,0
-0.888607061111149,-6.49770347192592,0
5.21586866697969,9.12984027523509,0
4.20587267261501,9.28113088779634,0
0.990218076061247,-6.9626324826456,0
0.43543713880648,-8.98490471382405,0
-3.96049939737948,-8.74308691238639,0
-0.802743319804605,-7.71936301888686,0
0.903241395515328,-13.560161131379,0
-6.48143750402009,-4.99445576981671,0
9.28916217501152,5.45473820264287,0
5.04055295366287,8.02323473126651,0
13.5706754192547,3.29815538679389,0
5.80515771444288,-8.39651237769006,0
-4.68168866871901,-9.68949311484194,0
13.5939818846295,1.33271279576107,0
8.94279450033698,6.80948869615104,0
5.90392423949123,-8.17868623568178,0
4.25466877794772,8.10506151107507,0
2.72769579965895,-5.76637954545532,0
2.42321912082149,-10.1297926844434,0
-7.14966143569344,-5.3394704346984,0
7.72927872453051,6.90074021742109,0
-5.15216551113579,-10.2436465675587,0
2.29610595687647,-10.804041905962,0
1.59423585457561,11.41502570503,0
10.9686004035159,2.62275818502276,0
-3.98757329689511,-9.24939382782853,0
-10.3996759572239,-2.70242306410546,0
-4.51703810208384,-6.01373689789739,0
11.0801521769429,2.50393709305879,0
12.2819298927957,0.146298898063472,0
3.00423378452837,8.07070056443226,0
13.3025384652141,0.986326128049504,0
2.10212117693346,10.4078699717999,0
-7.15517372287743,-6.12230300410345,0
8.59493056035422,-6.18920712910445,0
-6.13348601704568,-7.03740022928382,0
13.9320495032906,-0.614617455576579,0
11.0195346475842,-6.44881695100035,0
0.921137045418049,-8.86567630616791,0
7.45275959569821,1.07541928353145,0
5.58293506948174,-10.0660548960184,0
9.75668678386407,-7.08175133985154,0
-3.08197851530316,-8.46308337657981,0
5.50582977100001,-6.68757646522587,0
10.9475945084103,2.29496907813643,0
6.61090394003433,-4.16694103686489,0
-6.19527922189448,-7.65337343962604,0
5.1619434024961,8.62720345135738,0
3.06210569347279,8.53934995105418,0
-11.5617523878139,-7.93635540408124,0
2.3391189763325,-3.3624215014736,0
-5.4377680982691,-9.23516748245986,0
6.53205602010543,5.95272099016283,0
14.892324862582,0.533788451362075,0
8.28834179058875,0.0898880381112419,0
11.4817654312215,-4.20114631097243,0
4.80558508995237,5.00282122934852,0
2.53295714273556,-11.8803941075397,0
3.42511072243056,-5.79667523869492,0
1.66348635844789,-11.171812496881,0
6.78077557410726,-6.45607680226078,0
3.46162747977761,-5.9910778271246,0
-7.48603121653093,-5.48443515170239,0
10.8990436617158,-2.51967557254474,0
-7.62964966762761,-8.9064835236871,0
9.26700035486222,-4.9924448977085,0
-4.91440346965925,-6.71311335408892,0
10.8042086394535,-6.4455582434752,0
5.4565666639026,6.55027111231332,0
11.4807540294556,-10.1136586912011,0
9.06481433840117,-3.57347560248188,0
-2.12340989483262,-10.9350769126169,0
-3.16175625544533,-9.82804406287608,0
2.07501588970042,-7.90061254577895,0
9.90177450782131,8.3312573266452,0
8.06046058595644,-4.65971460541908,0
7.4295451443149,4.6745626270894,0
-2.0297246316596,-10.3044331148591,0
10.9603399677528,-0.616559008495041,0
7.0252218609962,6.25600084121218,0
10.3858262616522,2.3539618524756,0
7.59106290788284,7.36370243651835,0
9.4824780175973,2.51365422483977,0
10.3770047790486,2.93611928312458,0
7.84755791321588,-1.63151581610868,0
11.0069347471113,-0.210450480901458,0
-7.53512760685955,-4.10814189928918,0
9.5514535029295,2.82428713570648,0
2.46615734896548,-10.5840175119359,0
9.20615708840666,0.886416266735137,0
1.03862465056551,-9.02352292912073,0
4.8162853312243,0.0755570539221373,0
11.0309390887218,6.08243768846429,0
10.8958169692851,-4.94614901415411,0
-2.56563509326356,-9.57211114581862,0
9.10718730634141,-1.83995780459118,0
9.02799345484165,-3.56526170673816,0
-9.79148089863882,-8.32941845836688,0
1.57027098504626,11.9027069053793,0
-9.63299847896539,-4.22641384279123,0
7.99006739542718,6.74923131352643,0
-9.01996724448666,-6.93119775062886,0
7.29573770957514,1.22714896040376,0
-7.7727692543826,-4.4532440507961,0
11.2788240154074,-1.18529010660291,0
5.49936103943552,6.56090171445778,0
4.33639718678689,-5.45388545174764,0
9.5457667451888,7.51360033074106,0
9.75981326459238,1.45199935007055,0
12.7410325318817,-5.93269012647651,0
-3.89716962758648,-7.58116537027095,0
-0.273834468159255,-12.2760296552706,0
10.4580974313911,5.10711298024821,0
7.83479955869223,-2.42577654344705,0
5.16570462729392,5.33856639597139,0
-1.81436123671343,-8.79706161308044,0
9.52201030964928,4.26402091495147,0
3.22409309815004,-7.83563555684216,0
5.65771049526334,11.3949433773889,0
6.03307392699867,7.66896436229717,0
-9.80929224783075,-5.53459276097572,0
8.39680486823829,0.021739587761785,0
6.64419771903414,5.61577249774237,0
9.48045298545127,1.41382325007553,0
1.54947552779359,-7.73956041654334,0
3.96562497194725,-6.79648314798241,0
-3.4069221161937,-8.60491196915472,0
3.25601209293862,8.73947535474068,0
9.89027527190753,-1.68614623669646,0
3.63277580644701,-12.4181147982436,0
-7.95340203368697,-6.0967909875481,0
-8.31713972741352,-5.96150237216447,0
5.72484113400971,7.66500534393473,0
14.6523273816292,-1.46426982666413,0
7.780087757498,-0.494807971287755,0
9.98352978401009,-0.474595721266504,0
8.70950946670906,3.84659986581324,0
9.90589801609658,6.79517158306808,0
-2.45443702004087,-10.347784403431,0
-6.15169567870246,-12.7687919923394,0
4.35621444617278,12.3490594041644,0
10.860532467871,-0.110568575165244,0
11.1046624692122,2.73168354233383,0
8.0573925182704,-8.13652114987143,0
3.75773563837748,9.78747730107779,0
5.48388585123022,-12.5196182397614,0
3.03120804190936,-4.51069603286895,0
-3.98195288911512,-6.33474671786126,0
9.25598739118156,5.58750307197991,0
-5.32463734829649,-11.4911484053002,0
6.38259768309025,-9.12346437391702,0
8.39492787065779,-2.42374537541161,0
8.97327833332764,-3.31614697623013,0
10.2777462895384,7.87555157604281,0
5.22844309228197,-8.83513593929019,0
10.0493847027926,-0.96675417983958,0
-8.31144781925453,-7.81960086340463,0
6.46311644633492,-9.11958861100827,0
9.99706265624464,-10.1712120910405,0
6.87557870321627,6.8147523903464,0
-11.1005227471679,-5.16365608697137,0
8.32016143951563,-6.51346517275886,0
4.18779197393969,6.21620652837902,0
5.35096697795472,-10.4326990719428,0
2.80400935295164,6.96434681159536,0
6.00894069067128,-7.39231937167426,0
9.63752609660257,1.40466544958956,0
1.19400291236797,-11.7760612459123,0
-5.48978100458436,-8.82883260648372,0
3.37795690050961,-8.86728302105523,0
8.32079126398867,4.35002120643698,0
8.51157465320824,-3.724101902628,0
-10.9246579101335,-4.30875468338259,0
8.1895739189853,-1.73402443819351,0
8.60952241305145,-6.53824637717157,0
9.53037487812489,1.85316478617152,0
6.35349019084785,6.91609637658283,0
-6.17271180191764,-5.53024162012499,0
-7.8704238237124,-4.11060897856563,0
6.48921722773561,7.76114153701137,0
-4.85222603051993,-9.68260908736108,0
11.6041260555076,-2.72068292167965,0
8.5604402896416,0.412332666479136,0
4.53628405223358,4.97010794089576,0
8.95580476228156,6.65130496557334,0
8.96161199269401,5.8436448519556,0
1.05872442533127,9.97593909007941,0
8.30150715270259,8.27913544628439,0
9.2228257536843,-11.1187102399543,0
-1.74148193957676,-9.53075688411562,0
5.23959949677269,-4.60668076026667,0
2.64221439343233,11.1233143031884,0
-3.19071674997971,-10.9553240438806,0
6.68385249248413,-10.6365941432067,0
8.3299915186677,9.99471372275399,0
-6.37788814903362,-6.04639547330576,0
11.477963479162,-1.04509141268536,0
8.07460567849792,12.7030661257996,0
1.19348871570041,-9.45411031129129,0
-10.8028665613177,-5.04800642853528,0
-7.57460736448466,-2.46563474200706,0
6.97193214077694,9.73966100994723,0
9.55287209512172,8.29300583280186,0
-10.0233358415798,-3.60473975761141,0
-5.48474747104389,-8.29144955819687,0
6.21371029407243,-3.46553853208727,0
5.58154982207477,-4.61746849730095,0
11.0841470882753,3.96078415000911,0
-8.91052531679337,-5.40431912035999,0
4.2452927319705,-7.06726008584953,0
6.16076101558296,-8.7622600868952,0
-2.45668977326951,-10.2242922247556,0
10.3779366174429,4.10639734192467,0
1.31173951824912,-9.80230118883917,0
8.18742206215456,0.94743653820219,0
-11.2400113742863,-7.42128937000595,0
-3.67526682143212,-10.7205544237316,0
-10.2216973637284,-6.83776382527874,0
5.5488269569353,-8.9862411377819,0
-1.34339780935718,-9.67127744914216,0
-4.81246964370441,-6.74733555338519,0
9.98760831662487,1.09617436809257,0
-4.36837360577225,-6.07914771991524,0
-12.6024989210404,-1.24909866298588,0
8.5245942377643,-7.59441593371681,0
-9.39423037939478,-2.96767493089008,0
8.01268065559482,7.15904980773554,0
10.3281606326031,2.72453390247594,0
8.89135162179165,9.52163986392127,0
7.25271474772701,-7.8032541544748,0
1.64347655606882,-13.0170592592771,0
-8.17710727344311,-7.36285763936235,0
4.04064807904292,9.22819094151395,0
-8.19904046663962,-4.10150992072851,0
5.14849848057987,9.4269088383226,0
-6.53636551715959,-8.8012169159893,0
-5.62449552137959,-6.35263914225077,0
9.1735187452072,-6.03553202077928,0
10.8925745153843,2.63486669588109,0
-2.74497349363966,-9.7556906723835,0
-7.60085555659327,-7.64916729834179,0
11.4974708153017,-2.20104469735124,0
9.87579474686247,-2.74708192175639,0
3.17591984863592,-7.02057163058769,0
9.62579744645465,-5.67512284680949,0
10.1536058101466,6.38508149291503,0
9.57488925290799,-4.40837574805681,0
7.72129037239689,-7.34371407022191,0
3.87180927489926,-5.78053044093439,0
13.4711992088332,0.956582635812384,0
-8.60471611019539,-7.05429549786298,0
8.93599517889863,3.10603225983836,0
10.4143629188677,3.64791603872004,0
-1.36713734809402,-6.76924805984448,0
4.26034296795316,-10.0409216664491,0
3.61220056339048,-10.3170536407157,0
6.71255534238528,6.39556059429791,0
5.65025549171382,3.38800423523308,0
11.9011492621663,3.04541553666765,0
8.75676508991836,-11.2182565220815,0
-13.0414464192401,-4.29824274574764,0
11.3486931805827,1.19319252826299,0
-7.48154065433801,-7.76164460256473,0
11.0238236847083,-1.27578167178018,0
-10.0085450948249,-4.54128452133007,0
-5.13588133106304,-10.3400072570791,0
0.656117624934922,-9.32038595490149,0
9.00580067150004,6.76061775392301,0
5.12232394298837,11.4913978806734,0
12.1453520636027,3.70405456109101,0
5.19021791215771,-11.1789900160002,0
-4.83430053165211,-8.21743121785234,0
-10.3069801236014,-5.51614698254857,0
6.53963601613722,9.43924833072987,0
5.53588548133978,10.9202484979403,0
7.87288505603486,8.65879521271127,0
2.1033502922206,-9.34294193963341,0
14.6623848442578,-0.116897925479706,0
9.94102591928594,2.66869158184352,0
5.541363657544,7.20911900275865,0
7.83444725948373,6.36110605495225,0
8.20678935458403,3.64396629307001,0
11.6440871019285,5.0462286903006,0
-0.0903103778843666,-9.84525215005986,0
-12.5865788678396,-2.85126488305073,0
6.40841101221842,6.03121475007169,0
-2.51657627655406,-7.47377130586522,0
10.5218146292719,-3.80164399782484,0
-1.03478438201585,-6.57116867895535,0
4.1815447861074,-4.39577637053254,0
-2.48488255337949,-7.49788352478928,0
-6.55925285995196,-4.6552484678017,0
9.20329133134232,-2.06518359161914,0
-2.67384438687723,-12.2546101055821,0
-6.08827205001188,-9.17892848667958,0
-2.08516531438094,-8.92451654006562,0
0.907026452762493,-11.0416675680621,0
5.96697934057876,-11.2907894292193,0
9.27058357098757,-0.87417776828785,0
6.04891731142216,-9.2739868383403,0
9.41698131371126,-2.22174671427743,0
4.1210509444822,-9.5529192924782,0
-6.20507471540051,-6.10704073000685,0
6.74530943409083,-6.042887333376,0
4.68015583768019,1.64527253982383,0
3.07473699211387,-11.1757087221227,0
-2.18715199313298,-8.84529383978126,0
8.80565517432554,0.0454014204269551,0
3.95925961178851,13.0693528077371,0
7.69904028957612,-7.15335214139144,0
-5.01577703973854,-4.92243858971655,0
3.57621246519631,-5.69001379412974,0
8.70628258019654,-4.94741653391722,0
3.18875727182018,-9.5642306184507,0
-10.2073568435328,-2.25704440877399,0
5.83874020037602,8.2800174528722,0
-7.68176586934191,-8.35261449944784,0
-1.34443322256335,-8.08763789743912,0
7.47722249390513,2.40990017969703,0
-7.76939876882703,-5.32984643986103,0
5.34012842880058,5.6050424282992,0
6.52559419952578,6.233642071924,0
12.9293732994124,0.210009235260235,0
5.28187528853729,-8.87830328242581,0
-6.29756803274845,-9.58805675202232,0
-7.10095722298074,-4.84955181631862,0
2.63953488660934,-9.74682236199935,0
-7.71188386668319,-10.8452361005847,0
2.88298386023097,-13.4430042097519,0
-0.925001239104026,-14.7522372994006,0
-3.23940187892875,-9.76833687959482,0
9.54104290610917,9.80357621514742,0
8.52339988829807,8.97527996017634,0
13.3151156579634,-0.855751025694087,0
8.96957600964759,9.89125781173304,0
9.87901768426634,-2.90303533619638,0
10.9659739371604,2.65759793796433,0
6.39684226061578,7.61391523453263,0
2.38123388719562,-11.5444415923934,0
0.800390956703108,-9.64981222073714,0
7.57228399736288,-6.84491672015097,0
6.9967649680642,6.47504810554244,0
-8.08123185021949,-8.33610132206387,0
4.86625774906681,-4.48478009547618,0
4.35541452737235,7.80490507751905,0
-3.93049105127851,-6.09075186030077,0
-2.87214507734993,-9.91770098448291,0
9.74395850517744,2.71954997848068,0
6.60464022739331,7.22363595008173,0
-4.11224130956089,-6.61466176863712,0
5.07491271732694,-11.158009813326,0
-12.2178949879691,-4.3618298463021,0
-4.67554232748635,-6.26754738850352,0
4.4077775990828,-6.60033789453129,0
5.54402529911208,6.35665290806455,0
-1.15712326806344,-14.5560338040911,0
4.40145429752447,-8.52527804517264,0
8.16423319990572,1.61035474123584,0
5.71236836110093,7.72993149564827,0
7.56291944038417,-3.52981386709681,0
7.49637857548578,7.36061018920863,0
-7.01491858843411,-8.9898727094979,0
-5.22526048315538,-7.27232006475285,0
10.4597684930576,2.79184225145406,0
-2.71570448893396,-11.3743621002627,0
-6.7525273255476,-10.1764990926311,0
-5.11425844323924,-3.45936925924643,0
-3.25931906492853,-12.6282300087461,0
7.46915773031687,-1.12139892384799,0
7.7148648551434,-0.0255834020062103,0
5.76868523038798,-9.31743765911441,0
9.78341653360322,9.49730614303905,0
9.72309818383668,-1.29665998213154,0
7.46861876366506,-5.29400231095954,0
7.32658707659569,-4.9824638571997,0
-8.96498938253189,-4.7848925090003,0
0.940856313800975,-9.35912294805008,0
-7.82478527951954,-5.70385697361216,0
-8.28995106466747,-8.26115770626133,0
-4.22315028955876,-6.73032830200235,0
6.96628210299456,2.89711265761941,0
2.5096031717067,-7.52190348111981,0
-7.62040376286106,-8.31330369903181,0
7.19435121838123,-3.11122422685136,0
5.83733843469403,-7.15232915866698,0
3.03924196534507,7.89800675438499,0
3.3618803833201,-9.60361407493457,0
10.6509222273181,-3.58432685987455,0
3.57148338064867,-10.7081742336685,0
3.68723327576684,-11.7759661799152,0
-2.50868285398612,-7.76001465122347,0
5.01335646348057,-8.91338299614967,0
-7.22796030660112,-4.01930383479255,0
-3.58884970564463,-10.6047809259557,0
11.1042624042591,-2.62384451468932,0
4.41763461327492,8.75678596944615,0
-9.26502856709457,-7.63775456054984,0
8.40002812732824,4.1876097118116,0
3.63440492779787,11.5438501242564,0
8.31727729470061,-2.78175185438956,0
-2.93042781479907,-10.2515722343284,0
-1.35068005611986,-13.0796969658413,0
5.94555208516497,4.8977873932565,0
-8.96104272104196,-6.57368563207634,0
-0.919383157636088,-13.0637247327348,0
-10.1027477403715,-4.27818000156706,0
2.49472108775491,-8.24087144454844,0
5.24016597406767,-6.43998043013035,0
6.8964975142807,6.46279256437582,0
2.86317252153192,-8.38785947120838,0
12.9689840233662,1.8680376814568,0
9.911779681098,0.395870330312005,0
5.20578052576241,-7.71482119507604,0
-7.67273342127398,-2.99717713507537,0
6.97925430033621,-5.42572369833969,0
-4.17650748112687,-10.2708659809134,0
-0.686646762918862,-8.42918885218528,0
11.0892282423465,-4.48616672811624,0
10.7717917183247,-3.45543226526074,0
9.28175719562416,4.74584441088822,0
2.25311058762716,-11.218298687947,0
7.63191474798809,4.96505059277064,0
-10.931429056799,-5.58835890791602,0
4.58300764609158,10.2505995965954,0
-8.94542348417068,-6.28367535252783,0
-6.18060562115405,-5.96691669545059,0
4.58552313095805,10.7077903606882,0
-4.99373743016239,-9.14526222155499,0
3.59653918974568,-9.48357709646377,0
6.17714210401731,-4.98969845737102,0
-6.94728778168971,-8.4484574533009,0
4.77520458866751,-7.99026889200905,0
7.15082856385844,-5.92329078312939,0
-8.82908410077811,-6.38496689029598,0
13.4943846023305,0.381395166822514,0
11.1275386364066,5.73842105264027,0
-1.27110287335436,-8.28472594887388,0
4.16284955586406,-4.48803046167069,0
9.24047603131983,-8.64731840602258,0
8.58381680406181,11.6115009453025,0
9.54445717052264,4.04005805393893,0
13.5175219868067,4.60211895577277,0
4.91966730784134,-9.10380012528258,0
10.7907546067903,-2.27256046123307,0
-6.19349635384413,-4.61792978039543,0
4.24744749317743,7.99810085473722,0
-4.65809205194903,-8.15729211854395,0
10.3594621935349,4.13325038023117,0
8.78747243172153,-5.57989570419423,0
-4.77751338131642,-6.98441539499796,0
3.800527871454,7.13107746879846,0
-2.29740494188973,-11.2187971881244,0
-10.3660982536291,-1.73507542630006,0
10.2556457569409,2.24589772346579,0
-2.5872380073442,-9.17550343678527,0
6.01726161962837,8.09080417078004,0
-4.49359344638655,-8.17048057914308,0
-0.767446952126207,-4.14627077061486,0
5.23722056036452,8.74082100582129,0
13.5511872299888,-0.308208468841868,0
2.10596430726405,-10.6212917997691,0
8.67673679211159,6.43900332532919,0
10.5120574368582,-3.02339526893261,0
12.1182943442255,4.7870676219112,0
-17.0838039518598,-16.5466322385962,1
1.5667101612719,-3.44773474626236,1
0.713651095684023,-1.62047919064477,1
-15.936032734869,-6.02531201288379,1
2.102143419382,-5.35259595887845,1
-17.4355327489498,-12.4818661669298,1
-16.8698633936238,-5.29696335023001,1
-9.2768591813789,3.36360151657973,1
-19.483489420315,-7.99909984541634,1
-14.3695180233203,-8.01397671011961,1
-4.00353799137152,2.74934759749892,1
-1.94601716195554,1.32504284000589,1
-18.0753647210365,-8.13130198759612,1
-18.7123138936077,-3.60508163377902,1
-14.1788882355748,-15.0717355984355,1
-18.2234819728956,-5.34757559085392,1
-6.45976375330682,-0.361718422374587,1
-18.4931753177375,-12.9240484780346,1
0.490464548617012,-2.71704449245121,1
-14.9005424452707,-0.412016055209437,1
-20.1089733232971,-14.1521418482866,1
-13.3037487850825,-1.00541982246541,1
-8.88545960573627,0.188236656145908,1
-4.83736390589048,2.38109197201249,1
-0.16183101943064,-0.643237791897097,1
-14.7411025045004,-11.011440099715,1
-4.29342848108387,4.26353376981369,1
0.884796054047891,-0.973268428540742,1
-18.1383773425829,-0.754636354256803,1
-18.043197425059,-11.1105392149085,1
-15.9296331649082,-5.98383744801863,1
0.931099180703498,-0.380204517886,1
-11.4794100034237,1.69220198145088,1
-20.311857523538,-9.00311219985395,1
-18.7260536293628,-10.157323243419,1
-6.38175147418167,-0.0240679052215977,1
-18.310653710972,-6.93426884346489,1
-3.77096031180825,3.00112067919298,1
-15.480215711237,-14.8806969237399,1
-12.9410444333317,-0.661955017643656,1
-13.6005864823311,-16.5146822889497,1
-15.3782518741599,-0.814609983830948,1
-5.84848756655202,2.60454149198065,1
-10.6009900482602,1.37020691092955,1
-6.04733239697192,0.96681457472806,1
4.16921253770149,-3.59766053882899,1
-5.14865769942753,2.27023516383292,1
-15.1702835911502,-15.1667602748004,1
0.00488759871170341,2.03224717368288,1
-17.2369592193648,-2.17320353202421,1
-16.4851936358363,-18.1237748867916,1
-3.53505890447277,1.35484649995252,1
-3.82127245502129,4.57735710340708,1
-1.77256787343455,-5.61004520010732,1
-1.52119204996361,1.54279711441513,1
-8.28097396782927,-13.8238413662305,1
-1.01862991661714,2.06104242547045,1
-13.0993144837161,-15.8370179206151,1
-8.66845536880561,3.3044304563415,1
3.45156149778333,0.991756028005103,1
-12.7821653548131,-13.5185348527822,1
-7.43149184265319,2.4101453782717,1
-14.9928273484311,-10.8899139625182,1
-13.4369930883372,2.36365641201198,1
-5.79487123431557,-0.708046784147275,1
-5.54583691593936,1.6465191022247,1
-12.1515860564074,1.84822992376242,1
-13.9706214243555,-7.05337775002404,1
-16.6141894153879,-2.02825809958251,1
-2.72926014894691,4.31752750911288,1
-11.1725891824019,3.82409863864395,1
-16.0862229052603,-7.55218656717128,1
-16.4723445832763,-4.04226818920118,1
-16.9328561714508,-4.68599560871865,1
-19.4678345342084,-11.8668417648572,1
-19.7389197852696,-6.11754591037395,1
-8.10069437149587,3.92209944564272,1
-19.9614520706293,-5.53608097084724,1
-3.73140971315716,-5.19377010508872,1
-3.96450854113696,-1.57071736585623,1
-14.2707376730649,-18.7718952683886,1
-8.1167356110999,2.29568192949496,1
-9.14453334162628,-13.8338372547853,1
-0.782070699408501,-0.595594817736988,1
-9.31982616063596,5.91254932443543,1
-15.2151111196485,-16.1317167866717,1
-0.579019650213922,-2.37378933417692,1
-18.0742014546755,-13.1904596178421,1
-0.326856175662546,-2.39112881222425,1
-13.3345000582242,-5.88540647212018,1
0.150686105271486,3.37875754449693,1
-16.8828125520885,-4.87952658950273,1
-12.746726173885,-13.6314788435894,1
-4.17849858158314,2.55606833958369,1
-0.184458627265718,0.151733823937078,1
-21.2938869380289,-10.6196376220227,1
-18.0946425216289,-4.83940684613537,1
-16.4444505476311,-7.49332258575905,1
-16.0344878412844,-8.88686763775368,1
-14.9804099852275,-14.6742514749594,1
-11.9193074385985,2.21163526584922,1
-18.2807130634442,-6.45596246187088,1
-12.1971820043569,-13.055815445132,1
-19.0489379276387,-9.50924074550951,1
-15.0509307083729,-12.3395359493091,1
-13.2882592894018,-15.2673159510203,1
-14.3185533649114,-10.207763168802,1
2.26521069928534,-4.86210207798944,1
-16.7908373762154,-10.7205128645435,1
-1.99018943768199,-2.73471300676402,1
-0.492941392631,-0.331477396716693,1
-12.8831717222366,-16.796428808137,1
-14.1289673075268,-6.7064567801761,1
0.206242845112595,-0.662928982949893,1
-14.2225022415203,-6.91569025773503,1
1.06083173891511,-3.91191937644622,1
-12.2860741217597,-13.1336536963412,1
-2.84007893490458,3.82856788544211,1
-11.0069263013008,-0.771801376030912,1
-12.3663015566984,-17.1382536947955,1
-2.70251337124067,0.416774467969858,1
-11.2416230962803,0.0954117645729529,1
-17.1702017891838,-3.4045559983599,1
-2.42760799765308,1.43951155350933,1
-8.95032898987788,3.78313742861483,1
-15.6812853305878,-9.80474910855025,1
-13.3929618380436,-13.4975610824161,1
-0.881684895198718,0.250959567023027,1
-2.26918977701908,-1.7920798622985,1
-18.0811670673876,-6.86087120031265,1
-15.6317190648338,2.65727809937883,1
-14.1502237196616,-2.09638004431817,1
-0.705219017226496,2.09974176763477,1
-18.0000873909566,-11.6478403097696,1
-7.67202518439438,4.36054966950181,1
-10.9263530744334,1.31080176090414,1
-14.4990417765702,1.69082492566019,1
-10.1523992738549,-1.73640764203339,1
-15.0201097906264,2.90101712726031,1
-16.4097817335541,-3.45035415327775,1
-9.23935795926224,-17.2934644202315,1
-8.08923280689983,7.08893503307204,1
-13.8805286401918,1.26812880520726,1
-15.1499406575508,-11.7119794612255,1
-12.4079273313518,-2.01177296994263,1
-16.0116391113969,-4.50769445527424,1
-7.31653875930777,7.9199335430238,1
-15.7576473045297,0.455746395342064,1
-16.9630679635323,-13.8706387325231,1
-10.3920791873588,1.92681600740314,1
-17.6628479724826,-16.9658735806,1
0.554897627566382,-2.17734985497993,1
-17.6298052728461,-10.6577576342697,1
-4.90836098591411,-0.379964748856077,1
3.3084800052333,-2.14119233744786,1
-15.1722828392047,-0.47550895608954,1
1.3990216269644,2.67452611714748,1
-19.2828539530872,-2.58682204152334,1
-10.7048650429704,1.86229124876519,1
-17.7935688935405,-0.793121213843698,1
-9.17551722695915,1.97689394665505,1
-4.65400182534323,3.13119437240814,1
-16.3824549321199,-9.64421025450757,1
-7.71539820875156,1.22881974962045,1
-8.20426149391836,-0.654279887458969,1
-13.1033606859602,2.3533089754456,1
-8.38518368008784,2.87509980268356,1
-10.8214775248651,1.66957067658465,1
-12.4113591634656,-15.2790334202253,1
-16.3193047948354,3.5336543132813,1
-18.0874500638238,-6.89612024563162,1
-18.3901144613391,-5.04684161664461,1
-17.5163470234943,0.767396000228585,1
-18.9249356697785,-10.3181780069882,1
-3.35857350803116,-0.99434440841565,1
-11.8000240805073,-0.696695925323644,1
-9.57253287561304,1.94212780111768,1
-9.56835006451862,2.8843762610413,1
-17.8909603265368,-9.52545618242928,1
-17.9528612629346,-5.3419467356592,1
-9.32838352601427,-13.0859962837461,1
0.264401998183774,-6.51742188093685,1
1.97963849916533,-5.9080252613473,1
-1.29431797426038,-0.271034667675724,1
-2.50057196356221,0.772308291807864,1
-15.6221552556651,-9.85400452686916,1
-15.2771609297613,-9.86925710272932,1
-0.868109396255543,-0.827652794976323,1
-17.4231594412125,-12.2943458752898,1
-17.123411358575,-14.7905108879924,1
-15.5040917619473,-3.15878709181148,1
-19.5489041692715,-8.62951212941519,1
-13.3604681564018,-1.38456815303475,1
-5.83172741103307,-2.26757700303146,1
-2.75708889811907,2.81999913251874,1
-12.4876642481233,-14.1098276705415,1
-15.9690452205481,-8.40928997608045,1
-2.52587556552734,-2.01098461538324,1
-13.8487784462537,0.620831471068685,1
-11.8523271657395,-0.18689292698514,1
-0.958445558743733,-1.8524788090914,1
-11.7520663200768,3.74010176614617,1
-11.5705851093676,2.24167648049946,1
0.0544409871333116,-0.0700672701235687,1
-6.1218660400022,-0.337460755555129,1
-17.1309449265984,-5.40523898141246,1
-14.1342882590481,-2.64722783092324,1
-6.56347662949868,-0.947429918430473,1
-13.3257982187749,1.05435625920252,1
-10.1620973782055,1.01576313407302,1
0.348670491680941,0.76142481794925,1
-17.4354562168503,-0.327982163320505,1
3.38671898508214,0.141313269313211,1
-13.3234145915329,0.779431398693415,1
3.494752901805,-2.71962963798222,1
-13.3111661188256,1.15788632776643,1
-17.1228061541435,-16.3866351961431,1
-14.9531000825739,-1.04399615530825,1
-17.2532819549092,-0.176052551077701,1
0.477584290540962,-1.38293840048838,1
-15.8968984053895,-5.64043061071066,1
-11.7491704841099,4.15488424883348,1
-7.61754979863713,5.09179976989419,1
-15.5348618646487,-4.46239309709252,1
-5.12198697521052,-0.865885339075181,1
-17.6724270337961,-0.858206468856541,1
-13.1843454262933,-8.51989075298935,1
-14.8414361211358,-3.04371535369503,1
-6.66062106940437,1.70121741068135,1
-16.635606285933,2.59277859267259,1
-11.5593739939983,-19.0332640505352,1
-2.81436256161193,2.21143673457213,1
0.267763637639166,-3.07138108571792,1
-8.44913467167892,-1.01046873279453,1
-9.06820492137524,-0.502212541534323,1
-17.0443115328018,-9.5562615617579,1
-1.91553241200039,-1.20090638870908,1
-19.0197826944899,-4.80662087224878,1
-11.9648113095461,-0.128987628968488,1
-2.33744479784659,2.43503034302491,1
-16.2583772274249,-16.6022481444249,1
-14.9379082618292,-0.123305793418502,1
-12.3356539760889,2.59959375463066,1
-17.6401986494514,-9.57323748916922,1
-18.7355629509869,-15.567563291147,1
-14.2855310253541,-15.829095656389,1
-16.4697373321791,-2.39647147795109,1
-16.3453008095747,-14.5155104462806,1
-17.0960016633192,-5.43031719472713,1
-10.7171070085678,-0.502760724128977,1
-7.47522023062914,4.86273026270412,1
-9.60335062373115,-0.949049586834595,1
-21.0384845463481,-8.15889328729803,1
-9.238017264107,1.82387283842596,1
-11.7274600222583,3.25634480928201,1
-11.9731836136541,-18.1341353796858,1
2.82854198714317,-0.629102663817983,1
-14.2580174931371,-12.08805149891,1
-17.8062989635193,0.691908238389264,1
-11.9599423647781,-14.8582255364912,1
-2.39290405489827,4.20168797873887,1
-11.3947407309927,-1.46637486536342,1
-3.26474368078355,0.332092063765015,1
-17.0243107379784,-6.4660968482505,1
0.571039843067128,0.906437453289067,1
-13.4658635780595,-3.69016273703891,1
-4.03788882378061,5.86292316410593,1
-9.087452563602,3.56186377699122,1
-18.8649534398627,-6.10570422432676,1
-10.700100720015,-12.3566865093815,1
-8.19807970701233,4.55576102086215,1
-7.05884392700151,2.86017172127544,1
-1.91736450242213,-1.70974128329614,1
-8.52024018785473,4.36632637056216,1
-1.26082824641373,1.41113557518846,1
-2.51296141247774,-0.267344024370983,1
-5.25560476763857,3.66603331377817,1
-16.883439486412,-7.0515136417941,1
-3.37747587174748,1.0907732528003,1
-2.35055268119411,1.65174176211666,1
-17.6022847488349,-9.06921996438306,1
-21.455569729967,-11.735855991822,1
-4.81716959796655,4.01549925302518,1
0.0132790736279977,-1.53436502544529,1
-18.1388672837999,-11.5852743964963,1
-19.2603521457186,-2.89790758206252,1
-16.1442926628259,-3.98987675012511,1
-8.09185248864219,1.13868563894219,1
-12.2473775271373,-17.4928596608886,1
-5.98469760477919,-0.061898184259487,1
0.31215595400066,-1.42694670668096,1
-0.724110065425575,-0.943553296352528,1
-3.5552860337083,1.80220465526676,1
-18.1816484221599,-3.79031546836389,1
-15.1114103211903,-2.94340223305799,1
-7.60387465862326,2.36073372469887,1
-14.1425053043869,-0.881830612141149,1
-16.7242686923467,-13.0296693665817,1
-15.1228745643457,-2.74181845093899,1
-10.1572658606847,-18.5801480554032,1
-11.9277910287607,0.858868689088698,1
-5.83987885945689,2.80734703984866,1
-16.2545289689202,-12.4493854856476,1
-15.267330504777,-3.2438295530301,1
-8.4717855965861,1.21252424752731,1
-8.20152793828421,-0.137810378969878,1
-1.01961848895399,-1.80311617116732,1
-17.4101031411102,-3.52440063309351,1
-14.8839842232255,-2.13015189287406,1
-9.42481845525222,-20.1218881957344,1
-15.536127473593,-8.57162796379883,1
-6.14378377457182,2.19610609286996,1
-18.6523049901109,-8.17692132527302,1
-18.5069599085968,-3.76579196287938,1
-16.533756498126,-10.9580608043268,1
-14.3456046627626,-0.49258271658292,1
-18.8737352379592,-10.2587588897771,1
-15.868478053972,-12.8744528659282,1
-18.9193500716829,-2.16039210662529,1
-10.6382556568149,2.32660613590183,1
-17.9017559217725,-3.14284715463641,1
-2.14053641833464,5.21860048279088,1
-3.61476698399557,0.53248834484409,1
2.68732065057312,0.641625598916743,1
-8.1623357075559,2.93585904928758,1
-15.3385922848629,-4.12633788884609,1
-10.5463125564342,-16.0755446992522,1
-0.587027109374338,2.26393444813442,1
-14.8597068786689,-12.9771026970323,1
-17.0337444599062,-5.51599139898432,1
3.90174316832406,-3.38126307431147,1
-13.6203794728595,-11.8151156299008,1
-1.85752078069626,-0.669472561827904,1
-17.6192631758491,-5.12531817385944,1
-0.774276818529234,2.57991387469576,1
-8.47988270925634,1.54140693180728,1
-16.054810832499,0.232949582213214,1
0.596803781755268,-2.23063390029165,1
-13.3612038718441,3.92296800607195,1
-4.50560602944559,1.89977325630569,1
-17.5546303074048,-3.40443383869119,1
-1.08646043743779,0.929259106866535,1
-17.1521660690521,-0.3636666933358,1
-17.1176010575434,-11.4493213498226,1
-1.79954066004874,5.54536973592825,1
-13.7515711196281,-1.42535834502071,1
-0.0535984838574581,-0.846611639227566,1
-8.88983230507221,-14.2247148238277,1
-16.955540390535,-7.77689620652672,1
-16.6698909190811,-15.3311711721279,1
-10.8794796606967,2.19322101651198,1
-5.83710882456164,5.0232821093457,1
-13.1064344592132,-0.992360190699942,1
-1.12607216344248,-0.622715920240763,1
-12.4224039527741,2.2500056271147,1
-3.98968788305732,4.0324279377699,1
-18.3351017168914,-3.53188886427141,1
-16.4353441497593,-1.15156996236235,1
0.778290807112082,-0.271610871056412,1
-15.7384213463629,-0.353223099244527,1
-9.07187872516688,-1.4531027040477,1
-6.38354214892342,-0.918796603863639,1
-14.4894820960152,-12.5828320873753,1
-17.2640260116124,1.17259948606466,1
-18.2839046469395,-8.72070558633585,1
-3.16359309008239,-0.885375382029885,1
-17.3011788463393,-3.52582340682789,1
-5.71105225338844,4.870715237159,1
-2.66588970991131,-3.98988429182308,1
1.02126738840836,0.715940722609469,1
-15.8004180869623,-14.9747692790069,1
-13.7123327640903,-5.89026064888726,1
-7.41496168507024,-0.380479108761604,1
-16.8813311465641,-14.076201783735,1
-16.0626536059394,-14.088640711644,1
2.36084052403727,1.54234568652833,1
-10.9945790237579,-17.0369894661497,1
-15.3333189138547,-15.7524445541737,1
-5.75972488619611,5.23125699710814,1
-10.1795586545959,4.74312376821608,1
-17.3074380283142,-10.7415949011385,1
-19.6582484878762,-11.1156473552769,1
3.66392577412028,2.44399277335551,1
-15.533690443697,-12.0944848801165,1
-14.0887627348451,-11.9344778054679,1
-2.27427129497964,1.58039952176156,1
-15.8588352038377,-4.64124414933836,1
-8.65304191347734,-17.303551324389,1
-4.95774855309066,1.83872747997088,1
-13.1133207937389,-1.52843720360706,1
-16.503560894806,-11.2210763538132,1
-2.57172941766078,-1.57023390819248,1
-15.8990549369938,1.63990282826504,1
-14.8450431658769,-13.4996323011647,1
4.12274311015704,-2.09809452651738,1
-16.3636657666712,-1.28994858091659,1
-15.453740812877,-3.98625378557535,1
-13.1924871601363,3.99497511061832,1
-6.56521016865374,4.75600383444981,1
-0.702595712503109,-3.46816660961255,1
-11.4190109302174,-13.3533960217317,1
-18.1902589499489,-12.0383712702264,1
-2.40240254235035,1.27097012446691,1
-14.1921340786455,-15.9797597055949,1
-10.3733172718537,1.12190409099382,1
-20.8015678257072,-12.8140968522056,1
-5.18890009183009,5.73032380336534,1
-10.7906129472708,-15.7931512361351,1
-16.8069535365105,-7.28938787427298,1
-20.5663343541136,-7.62648590861093,1
-14.4746520911159,-3.49593170206727,1
-10.4088285170805,4.78408133247136,1
-11.6546512403443,2.30135686240875,1
-0.703159312617093,2.53928398321217,1
-19.8261485270475,-6.08889819350594,1
-11.0960196828707,-17.0564913972952,1
-18.0997217289692,-0.783030872672025,1
-17.8510202706878,-16.3697602925315,1
-7.71961530253623,2.14934551711466,1
-9.03857352087728,1.71372838819629,1
-12.9199482726104,-12.49352741818,1
-5.87354787155688,2.88356949008969,1
-17.7987165344733,-16.1736349587094,1
-13.5924099732106,0.345956209496374,1
-16.0968487028923,-8.29087682239354,1
-9.34468102745389,1.2227046477576,1
-8.89766936002928,3.17204757856207,1
-18.4037686698083,-7.06928540200389,1
-17.5586761629459,-11.7324442892237,1
-9.95801905514183,0.381249293699963,1
-15.8956563260417,-12.2022381437943,1
-19.5779567018788,-9.68448720188844,1
-12.9632195616069,-11.6103429473685,1
1.68289984039114,1.33365915729132,1
-13.4070923113088,-6.1211738593297,1
-14.5556856261193,-16.7879120325447,1
-8.10505042053676,0.245326898564583,1
1.05783288522549,-2.10970013208032,1
-7.37077967468975,0.794405819486967,1
-10.8538192170477,2.54394732124065,1
-11.1279490310062,-16.1977175227645,1
-17.0213172859697,-3.74318583053357,1
-1.70866350249776,-1.51629565022404,1
-15.3947633690236,-15.3548880519164,1
-0.974855226075519,3.93020545898186,1
1.28574489705943,2.6709603391507,1
-13.8888360547463,2.12506558845596,1
-17.6955824657133,-6.41894568616335,1
-10.6612032084786,7.21201854162697,1
0.411883419808288,-0.890517737808997,1
1.05640408582133,-2.56900875150422,1
-0.429509948433637,-1.25521905596806,1
0.354961357561418,-3.20527951058289,1
-7.02607838700039,5.2680294832762,1
-10.1365918264234,1.44127384434088,1
-14.3591500477404,0.0631434475124575,1
-14.4321963424315,-3.38127307656698,1
-11.3928201205149,-1.99460630615235,1
-17.1751110611753,0.987057726344032,1
-17.562272423457,-7.09335552425619,1
-14.5281047754293,-0.551073363182637,1
-12.6342257553678,-13.4582289189481,1
-12.2859454969908,0.518810967988463,1
-6.58868488959505,-1.45767027708796,1
-14.5864836701679,-16.5881922074821,1
-11.3855346139992,-16.7413980875623,1
-8.99389667728708,-17.1259111353463,1
-13.6236866784417,0.243949812056761,1
-17.5110111703365,-6.11727658666779,1
-4.0495017919106,-2.51904900059759,1
-17.4732858565153,-13.0383829156697,1
-15.5327968643919,-4.55318591530029,1
-14.6626079517479,-11.7989557501141,1
-8.44607953808066,2.69901114912035,1
-13.9193421555402,-5.68038331005838,1
-15.1656382350009,-15.3564294150566,1
-12.2261549657446,-16.287475552734,1
-8.72621627645047,1.22110247679608,1
-11.9717752336785,-10.3111289305877,1
-9.63481707133503,0.0717680556531404,1
-0.324847620012403,-5.1408333442609,1
-12.0735873310271,2.87862121871697,1
-10.1040322365263,0.698491178194592,1
-5.51421226153984,3.26231436269312,1
-18.2576839075193,-6.93595386951465,1
-12.3479555777163,-0.271393743175955,1
-1.33867106450885,-1.18860922892975,1
-14.778186088832,2.70970806305263,1
-18.4370816392655,-2.13911347705991,1
1.2866695090729,-0.65468982900704,1
-0.397103743212385,1.97343449416726,1
-15.5275306053298,-9.97811639524119,1
-16.3462203664001,-14.4156400858171,1
-16.671839476813,0.228991967959596,1
-11.8421493605212,1.68126785129916,1
-13.6385044095884,-14.563865280445,1
-16.7644640662693,-3.39064231722066,1
-12.3600178280033,2.64780884077545,1
2.04036645332378,-5.58914454155562,1
-10.5612410701155,1.98266270890697,1